
/* ========================================================================
   1. Usuários
   ======================================================================== */
INSERT INTO "user" (id_user, first_name, last_name, email, password, active, contact) VALUES
  ( 1 , 'Mirela Teixeira'           , 'Cazzolato' , 'mirela@example.com'   , '$2a$10$Ot4XGuyPP7r82nN3WXA0bOL1Qk9gShKDlVuPoyp89HoFnHcwO4Tji', true , '0000'),
  ( 2 , 'Alessandra Alaniz'         , 'Macedo'    , 'alessandra@example.com', '$2a$10$Ot4XGuyPP7r82nN3WXA0bOL1Qk9gShKDlVuPoyp89HoFnHcwO4Tji', true , '0000'),
  ( 3 , 'Camila'                    , 'Tirapelli' , 'camila@example.com'   , '$2a$10$Ot4XGuyPP7r82nN3WXA0bOL1Qk9gShKDlVuPoyp89HoFnHcwO4Tji', true , '0000'),
  ( 4 , 'Hugo Gaêta'                , 'Araujo'    , 'hugo@example.com'     , '$2a$10$Ot4XGuyPP7r82nN3WXA0bOL1Qk9gShKDlVuPoyp89HoFnHcwO4Tji', true , '0000'),
  ( 5 , 'Pedro Bastos'              , 'Cruvinel'  , 'pedro@example.com'    , '$2a$10$Ot4XGuyPP7r82nN3WXA0bOL1Qk9gShKDlVuPoyp89HoFnHcwO4Tji', true , '0000'),
  ( 6 , 'Júlio Ruiz'                , 'Marrara'   , 'julio@example.com'    , '$2a$10$Ot4XGuyPP7r82nN3WXA0bOL1Qk9gShKDlVuPoyp89HoFnHcwO4Tji', true , '0000'),
  ( 7 , 'Camila Porto'              , 'Capel'     , 'camila.p@example.com' , '$2a$10$Ot4XGuyPP7r82nN3WXA0bOL1Qk9gShKDlVuPoyp89HoFnHcwO4Tji', true , '0000'),
  ( 8 , 'Gabriela Ayres de'         , 'Souza'     , 'gabriela@example.com' , '$2a$10$Ot4XGuyPP7r82nN3WXA0bOL1Qk9gShKDlVuPoyp89HoFnHcwO4Tji', true , '0000'),
  ( 9 , 'Leandro'                   , 'Cardoso'   , 'leandro@example.com'  , '$2a$10$Ot4XGuyPP7r82nN3WXA0bOL1Qk9gShKDlVuPoyp89HoFnHcwO4Tji', true , '0000'),
  (10 , 'Murilo Montanari'          , 'Souza'     , 'murilo@example.com'   , '$2a$10$Ot4XGuyPP7r82nN3WXA0bOL1Qk9gShKDlVuPoyp89HoFnHcwO4Tji', true , '0000'),
  (11 , 'José Andery'               , 'Carneiro'  , 'jose@example.com'     , '$2a$10$Ot4XGuyPP7r82nN3WXA0bOL1Qk9gShKDlVuPoyp89HoFnHcwO4Tji', true , '0000'),
  (12 , 'Éric Arnold dos Santos'    , 'Brito'     , 'eric@example.com'     , '$2a$10$Ot4XGuyPP7r82nN3WXA0bOL1Qk9gShKDlVuPoyp89HoFnHcwO4Tji', true , '0000'),
  (13 , 'Thiago Alves Vieira de'    , 'Matos'     , 'thiago@example.com'   , '$2a$10$Ot4XGuyPP7r82nN3WXA0bOL1Qk9gShKDlVuPoyp89HoFnHcwO4Tji', true , '0000'),
  (14 , 'Vinicius'                  , 'Melo'      , 'vinicius@example.com' , '$2a$10$Ot4XGuyPP7r82nN3WXA0bOL1Qk9gShKDlVuPoyp89HoFnHcwO4Tji', true , '0000'),
  (15 , 'Michelle'                  , 'Chang'     , 'michelle@example.com' , '$2a$10$Ot4XGuyPP7r82nN3WXA0bOL1Qk9gShKDlVuPoyp89HoFnHcwO4Tji', true , '0000'),
  (16 , 'Breno Augusto Guerra'      , 'Zancan'    , 'breno@example.com'    , '$2a$10$Ot4XGuyPP7r82nN3WXA0bOL1Qk9gShKDlVuPoyp89HoFnHcwO4Tji', true , '0000'),
  (17 , 'Iago Fonseca Silva'        , 'Mota'      , 'iago@example.com'     , '$2a$10$Ot4XGuyPP7r82nN3WXA0bOL1Qk9gShKDlVuPoyp89HoFnHcwO4Tji', true , '0000'),
  (18 , 'Marianna Soares Nogueira'  , 'Borges'    , 'marianna@example.com' , '$2a$10$Ot4XGuyPP7r82nN3WXA0bOL1Qk9gShKDlVuPoyp89HoFnHcwO4Tji', true , '0000'),
  (19 , 'Gabriela Greghi de'        , 'Carvalho'  , 'gabriela.g@example.com','$2a$10$Ot4XGuyPP7r82nN3WXA0bOL1Qk9gShKDlVuPoyp89HoFnHcwO4Tji', true , '0000'),
  (20 , 'Caio Uehara'               , 'Martins'   , 'caio@example.com'     , '$2a$10$Ot4XGuyPP7r82nN3WXA0bOL1Qk9gShKDlVuPoyp89HoFnHcwO4Tji', true , '0000'),
  (21 , 'Marcela Amanda'            , 'Vieira'    , 'marcela@example.com'  , '$2a$10$Ot4XGuyPP7r82nN3WXA0bOL1Qk9gShKDlVuPoyp89HoFnHcwO4Tji', true , '0000'),
  (22 , 'Gabriel Fugita'            , 'Barbin'    , 'gabriel.f@example.com', '$2a$10$Ot4XGuyPP7r82nN3WXA0bOL1Qk9gShKDlVuPoyp89HoFnHcwO4Tji', true , '0000'),
  (23 , 'Bruna Neves de'            , 'Freitas'   , 'bruna@example.com'    , '$2a$10$Ot4XGuyPP7r82nN3WXA0bOL1Qk9gShKDlVuPoyp89HoFnHcwO4Tji', true , '0000'),
  (24 , 'Karen Pintado'             , 'Palomino'  , 'karen@example.com'    , '$2a$10$Ot4XGuyPP7r82nN3WXA0bOL1Qk9gShKDlVuPoyp89HoFnHcwO4Tji', true , '0000');

/* ========================================================================
   2. Acadêmicos
   ======================================================================== */
/* ========================================================================
   2. Acadêmicos   –  somente a coluna profile_picture mudou
   ======================================================================== */
INSERT INTO academic
    (id_user, contact, id_address, title, institution, lattes_id, profile_picture, biography)
VALUES
  (1 , '0000', NULL, 'Profa.'      ,'Institution Example','5404143204431052',
      pg_read_binary_file('/data/firebase/memberImages/MirelaCazzolato.jpg'),
      'Graduação em Ciência da Computação pela UNIMEP; ...'),
  (2 , '0000', NULL, 'Profa. Dra.' ,'0','2407277993285186',
      pg_read_binary_file('/data/firebase/memberImages/AlessandraAlaniz.jpeg'),
      'Graduação em Ciência da Computação (UEL/1996); ...'),
  (3 , '0000', NULL, 'Profa. Dra.' ,'0','8527991428093010',
      pg_read_binary_file('/data/firebase/memberImages/camilaTirapelli.png'),
      'Graduação, Mestrado e Doutorado na FORP-USP; ...'),
  (4 , '0000', NULL, 'Prof. Dr.'   ,'0','1652639775122637',
      pg_read_binary_file('/data/firebase/memberImages/hugoGaeta.png'),
      'Graduação FORP-USP; ...'),
  (5 , '0000', NULL, ''            ,'0','1373401174969764',
      pg_read_binary_file('/data/firebase/memberImages/pedroBastos.png'),
      'Graduação, Mestrado, Doutorado e Pós-Doutorado na FORP-USP ...'),
  (6 , '0000', NULL, ''            ,'0','2407277993285186',
      pg_read_binary_file('/data/firebase/memberImages/julioRuiz.png'),
      'Graduado e Mestre pela FMDUP; ...'),
  (7 , '0000', NULL, ''            ,'0','9528069961011665',
      pg_read_binary_file('/data/firebase/memberImages/camilaPortoCapel.png'),
      'Graduação, Mestrado e Doutorado (em andamento) ...'),
  (8 , '0000', NULL, ''            ,'0','6859938738453631',
      pg_read_binary_file('/data/firebase/memberImages/gabrielaAyres.png'),
      'Graduação e Mestrado em Reabilitação Oral ...'),
  (9 , '0000', NULL, ''            ,'0','5790574018465089',
      pg_read_binary_file('/data/firebase/memberImages/leandroCardoso.png'),
      'Graduação e Mestrado na FOP-UNICAMP; ...'),
  (10, '0000', NULL, ''            ,'0','3051734743750193',
      pg_read_binary_file('/data/firebase/memberImages/muriloMontari.png'),
      'Graduando em Odontologia (FORP-USP); ...'),
  (11, '0000', NULL, ''            ,'0','5342679611366812',
      pg_read_binary_file('/data/firebase/memberImages/pedroBastos.png'),
      'Técnico em Eletrônica; Eng. Biomédica; ...'),
  (12, '0000', NULL, ''            ,'0','9682458931179370',
      pg_read_binary_file('/data/firebase/memberImages/ericArnold.png'),
      'Graduação em Odontologia (UFBA); ...'),
  (13, '0000', NULL, ''            ,'0','1576892464551687',
      pg_read_binary_file('/data/firebase/memberImages/thiagoAlves.png'),
      'Graduação em ADS (IFSP-ARQ); ...'),
  (14, '0000', NULL, ''            ,'0','2131728266711395',
      pg_read_binary_file('/data/firebase/memberImages/ViniciusMelo.jpg'),
      'Graduação em Ciência da Computação (UNIFRAN); ...'),
  (15, '0000', NULL, ''            ,'0','6014220679248199',
      pg_read_binary_file('/data/firebase/memberImages/michelleChang.png'),
      'Técnico em Meio Ambiente; ...'),
  (16, '0000', NULL, ''            ,'0','2820894116965169',
      pg_read_binary_file('/data/firebase/memberImages/brenoZancan.png'),
      'Graduação em Sistemas de Informação (UENP); ...'),
  (17, '0000', NULL, ''            ,'0','2157452587942180',
      pg_read_binary_file('/data/firebase/memberImages/iagoFonseca.png'),
      'Graduação em Odontologia (UFBA); ...'),
  (18, '0000', NULL, ''            ,'0','5334650938944366',
      pg_read_binary_file('/data/firebase/memberImages/marianaSoares.png'),
      'Graduação UNIFLU; Mestre e Doutora ...'),
  (19, '0000', NULL, ''            ,'0','4643111511552418',
      pg_read_binary_file('/data/firebase/memberImages/gabrielaGreghi.png'),
      'Graduanda em Odontologia (FORP-USP); ...'),
  (20, '0000', NULL, ''            ,'0','4347068369827764',
      pg_read_binary_file('/data/firebase/memberImages/caioUehara.png'),
      'Graduando em Ciência da Computação (FFCLRP-USP); ...'),
  (21, '0000', NULL, ''            ,'0','3790288170098950',
      pg_read_binary_file('/data/firebase/memberImages/marcelaAmanda.png'),
      'Graduanda em Odontologia (FORP-USP); ...'),
  (22, '0000', NULL, ''            ,'0','5884239564831518',
      pg_read_binary_file('/data/firebase/memberImages/gabrielFugita.png'),
      'Graduando em Odontologia (FORP-USP); ...'),
  (23, '0000', NULL, ''            ,'0','0684260742261428',
      pg_read_binary_file('/data/firebase/memberImages/brunaNeves.png'),
      'Graduação UNIFLU; Mestre e Doutora ...'),
  (24, '0000', NULL, ''            ,'0','2430315747607049',
      pg_read_binary_file('/data/firebase/memberImages/karenPintado.png'),
      'Graduação em Odontologia (Cusco); Especialista em Dentística; ...');

/* ========================================================================
   3. Permissões
   ======================================================================== */
INSERT INTO permission (id, description) VALUES
  (1, 'ROLE_REGISTER_USER'   ),
  (2, 'ROLE_REMOVE_USER'     ),
  (3, 'ROLE_SEARCH_USER'     ),
  (4, 'ROLE_REGISTER_ACTIVITY'),
  (5, 'ROLE_REMOVE_ACTIVITY' ),
  (6, 'ROLE_SEARCH_ACTIVITY' );

/* ========================================================================
   4. Permissões por usuário
   ======================================================================== */
INSERT INTO user_permission (id_user_permission, id_permission) VALUES
  -- admin (id_user = 3)
  (3,1),(3,2),(3,3),(3,4),(3,5),(3,6),
  -- common user (id_user = 1)
  (1,1),(1,3),(1,4),(1,5),(1,6);

/* ========================================================================
   5. Grupos
   ======================================================================== */
INSERT INTO groups (id_groups, name, description) VALUES
  (1,'Coordinating Professors','InReDD group'),
  (2,'Postdoctoral'          ,'InReDD group'),
  (3,'Doctorate'             ,'InReDD group'),
  (4,'Master''s'             ,'InReDD group'),
  (5,'Scientific Initiation' ,'InReDD group'),
  (6,'Collaborating Researchers','InReDD group');

/* ========================================================================
   6. Usuários × Grupos
   ======================================================================== */
INSERT INTO groups_has_user (id_groups, id_user) VALUES
  (1,1),(1,2),(1,3),(1,4),(1,5),(1,6),(1,7),(1,8),(1,9),(1,10);